drop table adopcion cascade constraints;
drop table alim_proveedor cascade constraints;
drop table alimentacion cascade constraints;
drop table animal cascade constraints;
drop table donacion cascade constraints;
drop table especie cascade constraints;
drop table historico_alimentacion cascade constraints;
drop table proveedor cascade constraints;
drop table raza cascade constraints;
drop table socio cascade constraints;
drop table voluntario cascade constraints;



--------------------------------------------------------
-- Archivo creado  - sábado-febrero-28-2026   
--------------------------------------------------------
--------------------------------------------------------
--  DDL for Table ADOPCION
--------------------------------------------------------

  CREATE TABLE "ADOPCION" 
   (	"IDADOPCION" NUMBER GENERATED BY DEFAULT AS IDENTITY MINVALUE 1 MAXVALUE 9999999999999999999999999999 INCREMENT BY 1 START WITH 1 CACHE 20 NOORDER  NOCYCLE  NOKEEP  NOSCALE , 
	"FECHA" DATE, 
	"IDANIMAL" NUMBER, 
	"IDSOCIO" NUMBER, 
	"OBSERVACIONES" VARCHAR2(400 BYTE)
   ) SEGMENT CREATION IMMEDIATE 
  PCTFREE 10 PCTUSED 40 INITRANS 1 MAXTRANS 255 
 NOCOMPRESS LOGGING
  STORAGE(INITIAL 65536 NEXT 1048576 MINEXTENTS 1 MAXEXTENTS 2147483645
  PCTINCREASE 0 FREELISTS 1 FREELIST GROUPS 1
  BUFFER_POOL DEFAULT FLASH_CACHE DEFAULT CELL_FLASH_CACHE DEFAULT)
  TABLESPACE "USERS" ;
--------------------------------------------------------
--  DDL for Table ANIMAL
--------------------------------------------------------

  CREATE TABLE "ANIMAL" 
   (	"IDANIMAL" NUMBER GENERATED BY DEFAULT AS IDENTITY MINVALUE 1 MAXVALUE 9999999999999999999999999999 INCREMENT BY 1 START WITH 1 CACHE 20 NOORDER  NOCYCLE  NOKEEP  NOSCALE , 
	"NOMBRE" VARCHAR2(60 BYTE), 
	"CHIP" VARCHAR2(30 BYTE), 
	"FECHANAC" DATE, 
	"FECHAINGRESO" DATE DEFAULT SYSDATE, 
	"SEXO" CHAR(1 BYTE), 
	"IDESPECIE" NUMBER, 
	"IDRAZA" NUMBER, 
	"IDSOCIOACOGIDA" NUMBER, 
	"IDVOLUNTARIO" NUMBER
   ) SEGMENT CREATION IMMEDIATE 
  PCTFREE 10 PCTUSED 40 INITRANS 1 MAXTRANS 255 
 NOCOMPRESS LOGGING
  STORAGE(INITIAL 65536 NEXT 1048576 MINEXTENTS 1 MAXEXTENTS 2147483645
  PCTINCREASE 0 FREELISTS 1 FREELIST GROUPS 1
  BUFFER_POOL DEFAULT FLASH_CACHE DEFAULT CELL_FLASH_CACHE DEFAULT)
  TABLESPACE "USERS" ;
--------------------------------------------------------
--  DDL for Table DONACION
--------------------------------------------------------

  CREATE TABLE "DONACION" 
   (	"IDDONACION" NUMBER GENERATED BY DEFAULT AS IDENTITY MINVALUE 1 MAXVALUE 9999999999999999999999999999 INCREMENT BY 1 START WITH 1 CACHE 20 NOORDER  NOCYCLE  NOKEEP  NOSCALE , 
	"FECHA" DATE, 
	"IMPORTE" NUMBER(10,2), 
	"CONCEPTO" VARCHAR2(120 BYTE), 
	"IDSOCIO" NUMBER
   ) SEGMENT CREATION IMMEDIATE 
  PCTFREE 10 PCTUSED 40 INITRANS 1 MAXTRANS 255 
 NOCOMPRESS LOGGING
  STORAGE(INITIAL 65536 NEXT 1048576 MINEXTENTS 1 MAXEXTENTS 2147483645
  PCTINCREASE 0 FREELISTS 1 FREELIST GROUPS 1
  BUFFER_POOL DEFAULT FLASH_CACHE DEFAULT CELL_FLASH_CACHE DEFAULT)
  TABLESPACE "USERS" ;
  GRANT ALTER ON "DONACION" TO "INVITADO";
  GRANT DELETE ON "DONACION" TO "INVITADO";
  GRANT INDEX ON "DONACION" TO "INVITADO";
  GRANT INSERT ON "DONACION" TO "INVITADO";
  GRANT SELECT ON "DONACION" TO "INVITADO";
  GRANT UPDATE ON "DONACION" TO "INVITADO";
  GRANT REFERENCES ON "DONACION" TO "INVITADO";
  GRANT READ ON "DONACION" TO "INVITADO";
  GRANT ON COMMIT REFRESH ON "DONACION" TO "INVITADO";
  GRANT QUERY REWRITE ON "DONACION" TO "INVITADO";
  GRANT DEBUG ON "DONACION" TO "INVITADO";
  GRANT FLASHBACK ON "DONACION" TO "INVITADO";
--------------------------------------------------------
--  DDL for Table ESPECIE
--------------------------------------------------------

  CREATE TABLE "ESPECIE" 
   (	"IDESPECIE" NUMBER GENERATED BY DEFAULT AS IDENTITY MINVALUE 1 MAXVALUE 9999999999999999999999999999 INCREMENT BY 1 START WITH 1 CACHE 20 NOORDER  NOCYCLE  NOKEEP  NOSCALE , 
	"NOMBRE" VARCHAR2(60 BYTE)
   ) SEGMENT CREATION IMMEDIATE 
  PCTFREE 10 PCTUSED 40 INITRANS 1 MAXTRANS 255 
 NOCOMPRESS LOGGING
  STORAGE(INITIAL 65536 NEXT 1048576 MINEXTENTS 1 MAXEXTENTS 2147483645
  PCTINCREASE 0 FREELISTS 1 FREELIST GROUPS 1
  BUFFER_POOL DEFAULT FLASH_CACHE DEFAULT CELL_FLASH_CACHE DEFAULT)
  TABLESPACE "USERS" ;
  GRANT ALTER ON "ESPECIE" TO "TAREA_UD4";
  GRANT DELETE ON "ESPECIE" TO "TAREA_UD4";
  GRANT INSERT ON "ESPECIE" TO "TAREA_UD4";
  GRANT SELECT ON "ESPECIE" TO "TAREA_UD4";
  GRANT UPDATE ON "ESPECIE" TO "TAREA_UD4";
--------------------------------------------------------
--  DDL for Table RAZA
--------------------------------------------------------

  CREATE TABLE "RAZA" 
   (	"IDRAZA" NUMBER GENERATED BY DEFAULT AS IDENTITY MINVALUE 1 MAXVALUE 9999999999999999999999999999 INCREMENT BY 1 START WITH 1 CACHE 20 NOORDER  NOCYCLE  NOKEEP  NOSCALE , 
	"NOMBRE" VARCHAR2(60 BYTE), 
	"IDESPECIE" NUMBER
   ) SEGMENT CREATION IMMEDIATE 
  PCTFREE 10 PCTUSED 40 INITRANS 1 MAXTRANS 255 
 NOCOMPRESS LOGGING
  STORAGE(INITIAL 65536 NEXT 1048576 MINEXTENTS 1 MAXEXTENTS 2147483645
  PCTINCREASE 0 FREELISTS 1 FREELIST GROUPS 1
  BUFFER_POOL DEFAULT FLASH_CACHE DEFAULT CELL_FLASH_CACHE DEFAULT)
  TABLESPACE "USERS" ;
--------------------------------------------------------
--  DDL for Table SOCIO
--------------------------------------------------------

  CREATE TABLE "SOCIO" 
   (	"IDSOCIO" NUMBER GENERATED BY DEFAULT AS IDENTITY MINVALUE 1 MAXVALUE 9999999999999999999999999999 INCREMENT BY 1 START WITH 1 CACHE 20 NOORDER  NOCYCLE  NOKEEP  NOSCALE , 
	"DNI" VARCHAR2(12 BYTE), 
	"NOMBRE" VARCHAR2(60 BYTE), 
	"APELLIDOS" VARCHAR2(80 BYTE), 
	"TELEFONO" VARCHAR2(20 BYTE), 
	"EMAIL" VARCHAR2(120 BYTE), 
	"DIRECCION" VARCHAR2(160 BYTE), 
	"FECHAALTA" DATE, 
	"ACTIVO" CHAR(1 BYTE) DEFAULT 'S'
   ) SEGMENT CREATION IMMEDIATE 
  PCTFREE 10 PCTUSED 40 INITRANS 1 MAXTRANS 255 
 NOCOMPRESS LOGGING
  STORAGE(INITIAL 65536 NEXT 1048576 MINEXTENTS 1 MAXEXTENTS 2147483645
  PCTINCREASE 0 FREELISTS 1 FREELIST GROUPS 1
  BUFFER_POOL DEFAULT FLASH_CACHE DEFAULT CELL_FLASH_CACHE DEFAULT)
  TABLESPACE "USERS" ;
--------------------------------------------------------
--  DDL for Table VOLUNTARIO
--------------------------------------------------------

  CREATE TABLE "VOLUNTARIO" 
   (	"IDVOLUNTARIO" NUMBER GENERATED BY DEFAULT AS IDENTITY MINVALUE 1 MAXVALUE 9999999999999999999999999999 INCREMENT BY 1 START WITH 1 CACHE 20 NOORDER  NOCYCLE  NOKEEP  NOSCALE , 
	"DNI" VARCHAR2(12 BYTE), 
	"NOMBRE" VARCHAR2(60 BYTE), 
	"APELLIDOS" VARCHAR2(80 BYTE), 
	"TELEFONO" VARCHAR2(20 BYTE), 
	"EMAIL" VARCHAR2(120 BYTE), 
	"FECHAALTA" DATE, 
	"ACTIVO" CHAR(1 BYTE) DEFAULT 'S'
   ) SEGMENT CREATION IMMEDIATE 
  PCTFREE 10 PCTUSED 40 INITRANS 1 MAXTRANS 255 
 NOCOMPRESS LOGGING
  STORAGE(INITIAL 65536 NEXT 1048576 MINEXTENTS 1 MAXEXTENTS 2147483645
  PCTINCREASE 0 FREELISTS 1 FREELIST GROUPS 1
  BUFFER_POOL DEFAULT FLASH_CACHE DEFAULT CELL_FLASH_CACHE DEFAULT)
  TABLESPACE "USERS" ;
REM INSERTING into ADOPCION
SET DEFINE OFF;
Insert into ADOPCION (IDADOPCION,FECHA,IDANIMAL,IDSOCIO,OBSERVACIONES) values ('1',to_date('12/03/25','DD/MM/RR'),'2','1','Adopción en jornada de puertas abiertas.');
Insert into ADOPCION (IDADOPCION,FECHA,IDANIMAL,IDSOCIO,OBSERVACIONES) values ('2',to_date('20/06/25','DD/MM/RR'),'1','4','Seguimiento a los 30 días correcto.');
Insert into ADOPCION (IDADOPCION,FECHA,IDANIMAL,IDSOCIO,OBSERVACIONES) values ('3',to_date('15/05/25','DD/MM/RR'),'5','6','Adopción tras periodo de acogida.');
Insert into ADOPCION (IDADOPCION,FECHA,IDANIMAL,IDSOCIO,OBSERVACIONES) values ('4',to_date('01/07/25','DD/MM/RR'),'7','1','Familia con experiencia previa.');
Insert into ADOPCION (IDADOPCION,FECHA,IDANIMAL,IDSOCIO,OBSERVACIONES) values ('21',to_date('30/01/26','DD/MM/RR'),'21','22','Rayo adoptado por Cristina. Tiene mucho espacio para correr.');
Insert into ADOPCION (IDADOPCION,FECHA,IDANIMAL,IDSOCIO,OBSERVACIONES) values ('22',to_date('30/01/26','DD/MM/RR'),'22','21','Kiwi se va con Ibai. Se ha revisado que tenga jaula amplia.');
REM INSERTING into ANIMAL
SET DEFINE OFF;
Insert into ANIMAL (IDANIMAL,NOMBRE,CHIP,FECHANAC,FECHAINGRESO,SEXO,IDESPECIE,IDRAZA,IDSOCIOACOGIDA,IDVOLUNTARIO) values ('1','Tango','ES-CHIP-0001',to_date('10/05/22','DD/MM/RR'),to_date('20/11/24','DD/MM/RR'),'M','1','1','2','1');
Insert into ANIMAL (IDANIMAL,NOMBRE,CHIP,FECHANAC,FECHAINGRESO,SEXO,IDESPECIE,IDRAZA,IDSOCIOACOGIDA,IDVOLUNTARIO) values ('2','Luna','ES-CHIP-0002',to_date('01/03/23','DD/MM/RR'),to_date('22/12/25','DD/MM/RR'),'H','2','4',null,'2');
Insert into ANIMAL (IDANIMAL,NOMBRE,CHIP,FECHANAC,FECHAINGRESO,SEXO,IDESPECIE,IDRAZA,IDSOCIOACOGIDA,IDVOLUNTARIO) values ('3','Copito',null,to_date('15/04/24','DD/MM/RR'),to_date('22/12/25','DD/MM/RR'),'M','3',null,null,null);
Insert into ANIMAL (IDANIMAL,NOMBRE,CHIP,FECHANAC,FECHAINGRESO,SEXO,IDESPECIE,IDRAZA,IDSOCIOACOGIDA,IDVOLUNTARIO) values ('4','Kira','ES-CHIP-0003',to_date('22/09/21','DD/MM/RR'),to_date('05/02/25','DD/MM/RR'),'H','1','2','1',null);
Insert into ANIMAL (IDANIMAL,NOMBRE,CHIP,FECHANAC,FECHAINGRESO,SEXO,IDESPECIE,IDRAZA,IDSOCIOACOGIDA,IDVOLUNTARIO) values ('5','Rocky','ES-CHIP-0004',to_date('14/07/20','DD/MM/RR'),to_date('22/12/25','DD/MM/RR'),'M','1','1',null,null);
Insert into ANIMAL (IDANIMAL,NOMBRE,CHIP,FECHANAC,FECHAINGRESO,SEXO,IDESPECIE,IDRAZA,IDSOCIOACOGIDA,IDVOLUNTARIO) values ('6','Nina','ES-CHIP-0005',to_date('03/11/21','DD/MM/RR'),to_date('22/12/25','DD/MM/RR'),'H','2','3',null,'4');
Insert into ANIMAL (IDANIMAL,NOMBRE,CHIP,FECHANAC,FECHAINGRESO,SEXO,IDESPECIE,IDRAZA,IDSOCIOACOGIDA,IDVOLUNTARIO) values ('7','Bruno','ES-CHIP-0006',to_date('20/02/19','DD/MM/RR'),to_date('05/10/24','DD/MM/RR'),'M','1','2','5',null);
Insert into ANIMAL (IDANIMAL,NOMBRE,CHIP,FECHANAC,FECHAINGRESO,SEXO,IDESPECIE,IDRAZA,IDSOCIOACOGIDA,IDVOLUNTARIO) values ('-10','Misu',null,to_date('08/01/24','DD/MM/RR'),to_date('22/12/25','DD/MM/RR'),'H','2','4',null,null);
Insert into ANIMAL (IDANIMAL,NOMBRE,CHIP,FECHANAC,FECHAINGRESO,SEXO,IDESPECIE,IDRAZA,IDSOCIOACOGIDA,IDVOLUNTARIO) values ('61','Trufa','ES-CHIP-0789',to_date('03/11/15','DD/MM/RR'),to_date('23/02/26','DD/MM/RR'),'H','1','41',null,null);
Insert into ANIMAL (IDANIMAL,NOMBRE,CHIP,FECHANAC,FECHAINGRESO,SEXO,IDESPECIE,IDRAZA,IDSOCIOACOGIDA,IDVOLUNTARIO) values ('98','Delfis','ES-CHIP-0790',to_date('03/11/15','DD/MM/RR'),to_date('23/02/26','DD/MM/RR'),'H','1','41',null,null);
Insert into ANIMAL (IDANIMAL,NOMBRE,CHIP,FECHANAC,FECHAINGRESO,SEXO,IDESPECIE,IDRAZA,IDSOCIOACOGIDA,IDVOLUNTARIO) values ('21','Rayo','CHIP-VLC-001',to_date('10/05/22','DD/MM/RR'),to_date('30/01/26','DD/MM/RR'),'M','1','21',null,'21');
Insert into ANIMAL (IDANIMAL,NOMBRE,CHIP,FECHANAC,FECHAINGRESO,SEXO,IDESPECIE,IDRAZA,IDSOCIOACOGIDA,IDVOLUNTARIO) values ('22','Kiwi','CHIP-AVE-002',to_date('01/01/24','DD/MM/RR'),to_date('30/01/26','DD/MM/RR'),'H','21','22',null,'21');
Insert into ANIMAL (IDANIMAL,NOMBRE,CHIP,FECHANAC,FECHAINGRESO,SEXO,IDESPECIE,IDRAZA,IDSOCIOACOGIDA,IDVOLUNTARIO) values ('23','Godzilla',null,to_date('15/06/21','DD/MM/RR'),to_date('30/01/26','DD/MM/RR'),'M','22','23',null,null);
Insert into ANIMAL (IDANIMAL,NOMBRE,CHIP,FECHANAC,FECHAINGRESO,SEXO,IDESPECIE,IDRAZA,IDSOCIOACOGIDA,IDVOLUNTARIO) values ('30','Kaiser','ES-CHIP-9001',to_date('12/05/22','DD/MM/RR'),to_date('30/01/26','DD/MM/RR'),'M','1','1',null,'1');
Insert into ANIMAL (IDANIMAL,NOMBRE,CHIP,FECHANAC,FECHAINGRESO,SEXO,IDESPECIE,IDRAZA,IDSOCIOACOGIDA,IDVOLUNTARIO) values ('31','Duna','ES-CHIP-9002',to_date('10/10/21','DD/MM/RR'),to_date('30/01/26','DD/MM/RR'),'H','1','2','4',null);
Insert into ANIMAL (IDANIMAL,NOMBRE,CHIP,FECHANAC,FECHAINGRESO,SEXO,IDESPECIE,IDRAZA,IDSOCIOACOGIDA,IDVOLUNTARIO) values ('32','Salem','ES-CHIP-9003',to_date('01/01/24','DD/MM/RR'),to_date('30/01/26','DD/MM/RR'),'M','2','4',null,null);
Insert into ANIMAL (IDANIMAL,NOMBRE,CHIP,FECHANAC,FECHAINGRESO,SEXO,IDESPECIE,IDRAZA,IDSOCIOACOGIDA,IDVOLUNTARIO) values ('33','Mika','ES-CHIP-9004',to_date('15/06/23','DD/MM/RR'),to_date('30/01/26','DD/MM/RR'),'H','2','25',null,'4');
Insert into ANIMAL (IDANIMAL,NOMBRE,CHIP,FECHANAC,FECHAINGRESO,SEXO,IDESPECIE,IDRAZA,IDSOCIOACOGIDA,IDVOLUNTARIO) values ('34','Tweety','ES-CHIP-9005',to_date('20/02/25','DD/MM/RR'),to_date('30/01/26','DD/MM/RR'),'M','21','22',null,'22');
Insert into ANIMAL (IDANIMAL,NOMBRE,CHIP,FECHANAC,FECHAINGRESO,SEXO,IDESPECIE,IDRAZA,IDSOCIOACOGIDA,IDVOLUNTARIO) values ('35','Rango',null,to_date('05/11/22','DD/MM/RR'),to_date('30/01/26','DD/MM/RR'),'M','22','23',null,null);
Insert into ANIMAL (IDANIMAL,NOMBRE,CHIP,FECHANAC,FECHAINGRESO,SEXO,IDESPECIE,IDRAZA,IDSOCIOACOGIDA,IDVOLUNTARIO) values ('41','Bimba','ES-CHIP-7803',to_date('02/11/15','DD/MM/RR'),to_date('18/02/26','DD/MM/RR'),'H','1','41',null,null);
REM INSERTING into DONACION
SET DEFINE OFF;
Insert into DONACION (IDDONACION,FECHA,IMPORTE,CONCEPTO,IDSOCIO) values ('1',to_date('10/01/25','DD/MM/RR'),'50,31','Pienso y medicación','2');
Insert into DONACION (IDDONACION,FECHA,IMPORTE,CONCEPTO,IDSOCIO) values ('2',to_date('18/02/25','DD/MM/RR'),'20','Aportación mensual','1');
Insert into DONACION (IDDONACION,FECHA,IMPORTE,CONCEPTO,IDSOCIO) values ('3',to_date('02/04/25','DD/MM/RR'),'100','Campaña de esterilización','4');
Insert into DONACION (IDDONACION,FECHA,IMPORTE,CONCEPTO,IDSOCIO) values ('4',to_date('10/03/25','DD/MM/RR'),'30','Material de limpieza','5');
Insert into DONACION (IDDONACION,FECHA,IMPORTE,CONCEPTO,IDSOCIO) values ('5',to_date('18/04/25','DD/MM/RR'),'75','Gastos veterinarios','6');
Insert into DONACION (IDDONACION,FECHA,IMPORTE,CONCEPTO,IDSOCIO) values ('6',to_date('05/06/25','DD/MM/RR'),'15,31','Donación puntual','2');
Insert into DONACION (IDDONACION,FECHA,IMPORTE,CONCEPTO,IDSOCIO) values ('41',to_date('30/01/26','DD/MM/RR'),'250','Donación para nuevas jaulas de aves','21');
Insert into DONACION (IDDONACION,FECHA,IMPORTE,CONCEPTO,IDSOCIO) values ('42',to_date('30/01/26','DD/MM/RR'),'50','Apadrinamiento mensual Rayo','22');
Insert into DONACION (IDDONACION,FECHA,IMPORTE,CONCEPTO,IDSOCIO) values ('43',to_date('25/01/26','DD/MM/RR'),'15,5','Venta de merchandising','21');
Insert into DONACION (IDDONACION,FECHA,IMPORTE,CONCEPTO,IDSOCIO) values ('44',to_date('29/08/25','DD/MM/RR'),'49,56','Donativo para gastos veterinarios','22');
Insert into DONACION (IDDONACION,FECHA,IMPORTE,CONCEPTO,IDSOCIO) values ('45',to_date('22/02/25','DD/MM/RR'),'146,46','Campaña de alimentación invierno','4');
Insert into DONACION (IDDONACION,FECHA,IMPORTE,CONCEPTO,IDSOCIO) values ('46',to_date('22/12/25','DD/MM/RR'),'90,04','Aportación mejora de instalaciones','4');
Insert into DONACION (IDDONACION,FECHA,IMPORTE,CONCEPTO,IDSOCIO) values ('47',to_date('10/07/25','DD/MM/RR'),'26,29','Donación puntual solidaria','1');
Insert into DONACION (IDDONACION,FECHA,IMPORTE,CONCEPTO,IDSOCIO) values ('48',to_date('17/03/25','DD/MM/RR'),'128,28','Cuota mensual ordinaria','22');
Insert into DONACION (IDDONACION,FECHA,IMPORTE,CONCEPTO,IDSOCIO) values ('49',to_date('14/11/25','DD/MM/RR'),'54,78','Donativo para gastos veterinarios','6');
Insert into DONACION (IDDONACION,FECHA,IMPORTE,CONCEPTO,IDSOCIO) values ('50',to_date('11/06/25','DD/MM/RR'),'57,2','Campaña de alimentación invierno','4');
Insert into DONACION (IDDONACION,FECHA,IMPORTE,CONCEPTO,IDSOCIO) values ('51',to_date('02/03/25','DD/MM/RR'),'128,53','Aportación mejora de instalaciones','2');
Insert into DONACION (IDDONACION,FECHA,IMPORTE,CONCEPTO,IDSOCIO) values ('52',to_date('06/07/25','DD/MM/RR'),'35,21','Donación puntual solidaria','22');
Insert into DONACION (IDDONACION,FECHA,IMPORTE,CONCEPTO,IDSOCIO) values ('53',to_date('24/03/25','DD/MM/RR'),'27,56','Cuota mensual ordinaria','4');
Insert into DONACION (IDDONACION,FECHA,IMPORTE,CONCEPTO,IDSOCIO) values ('54',to_date('21/05/25','DD/MM/RR'),'86,07','Donativo para gastos veterinarios','21');
Insert into DONACION (IDDONACION,FECHA,IMPORTE,CONCEPTO,IDSOCIO) values ('55',to_date('30/05/25','DD/MM/RR'),'138,24','Campaña de alimentación invierno','22');
Insert into DONACION (IDDONACION,FECHA,IMPORTE,CONCEPTO,IDSOCIO) values ('56',to_date('19/06/25','DD/MM/RR'),'139,72','Aportación mejora de instalaciones','6');
Insert into DONACION (IDDONACION,FECHA,IMPORTE,CONCEPTO,IDSOCIO) values ('57',to_date('03/01/26','DD/MM/RR'),'104,05','Donación puntual solidaria','2');
Insert into DONACION (IDDONACION,FECHA,IMPORTE,CONCEPTO,IDSOCIO) values ('58',to_date('11/10/25','DD/MM/RR'),'92,87','Cuota mensual ordinaria','4');
Insert into DONACION (IDDONACION,FECHA,IMPORTE,CONCEPTO,IDSOCIO) values ('59',to_date('17/07/25','DD/MM/RR'),'58,4','Donativo para gastos veterinarios','6');
Insert into DONACION (IDDONACION,FECHA,IMPORTE,CONCEPTO,IDSOCIO) values ('60',to_date('18/04/25','DD/MM/RR'),'9,85','Campaña de alimentación invierno','1');
Insert into DONACION (IDDONACION,FECHA,IMPORTE,CONCEPTO,IDSOCIO) values ('61',to_date('14/06/25','DD/MM/RR'),'119,8','Aportación mejora de instalaciones','22');
Insert into DONACION (IDDONACION,FECHA,IMPORTE,CONCEPTO,IDSOCIO) values ('62',to_date('26/07/25','DD/MM/RR'),'142,2','Donación puntual solidaria','21');
Insert into DONACION (IDDONACION,FECHA,IMPORTE,CONCEPTO,IDSOCIO) values ('63',to_date('14/12/25','DD/MM/RR'),'97,45','Cuota mensual ordinaria','22');
Insert into DONACION (IDDONACION,FECHA,IMPORTE,CONCEPTO,IDSOCIO) values ('64',to_date('08/12/25','DD/MM/RR'),'6,92','Donativo para gastos veterinarios','21');
Insert into DONACION (IDDONACION,FECHA,IMPORTE,CONCEPTO,IDSOCIO) values ('65',to_date('07/01/26','DD/MM/RR'),'134,36','Campaña de alimentación invierno','21');
Insert into DONACION (IDDONACION,FECHA,IMPORTE,CONCEPTO,IDSOCIO) values ('66',to_date('21/04/25','DD/MM/RR'),'92,78','Aportación mejora de instalaciones','2');
Insert into DONACION (IDDONACION,FECHA,IMPORTE,CONCEPTO,IDSOCIO) values ('67',to_date('21/01/26','DD/MM/RR'),'121,11','Donación puntual solidaria','5');
Insert into DONACION (IDDONACION,FECHA,IMPORTE,CONCEPTO,IDSOCIO) values ('68',to_date('12/02/25','DD/MM/RR'),'110,15','Cuota mensual ordinaria','4');
Insert into DONACION (IDDONACION,FECHA,IMPORTE,CONCEPTO,IDSOCIO) values ('69',to_date('11/11/25','DD/MM/RR'),'124,43','Donativo para gastos veterinarios','22');
Insert into DONACION (IDDONACION,FECHA,IMPORTE,CONCEPTO,IDSOCIO) values ('70',to_date('03/11/25','DD/MM/RR'),'8,57','Campaña de alimentación invierno','5');
Insert into DONACION (IDDONACION,FECHA,IMPORTE,CONCEPTO,IDSOCIO) values ('71',to_date('19/02/25','DD/MM/RR'),'50,45','Aportación mejora de instalaciones','4');
Insert into DONACION (IDDONACION,FECHA,IMPORTE,CONCEPTO,IDSOCIO) values ('72',to_date('30/07/25','DD/MM/RR'),'87,98','Donación puntual solidaria','5');
Insert into DONACION (IDDONACION,FECHA,IMPORTE,CONCEPTO,IDSOCIO) values ('73',to_date('11/07/25','DD/MM/RR'),'131,11','Cuota mensual ordinaria','2');
Insert into DONACION (IDDONACION,FECHA,IMPORTE,CONCEPTO,IDSOCIO) values ('21',to_date('26/01/26','DD/MM/RR'),'55','NUEVA DONACIÓN','1');
Insert into DONACION (IDDONACION,FECHA,IMPORTE,CONCEPTO,IDSOCIO) values ('22',to_date('26/01/26','DD/MM/RR'),'60','NUEVA DONACIÓN','1');
Insert into DONACION (IDDONACION,FECHA,IMPORTE,CONCEPTO,IDSOCIO) values ('23',to_date('26/01/26','DD/MM/RR'),'70','NUEVA DONACIÓN','1');
Insert into DONACION (IDDONACION,FECHA,IMPORTE,CONCEPTO,IDSOCIO) values ('24',to_date('26/01/26','DD/MM/RR'),'25','NUEVA DONACIÓN','1');
REM INSERTING into ESPECIE
SET DEFINE OFF;
Insert into ESPECIE (IDESPECIE,NOMBRE) values ('21','Ave');
Insert into ESPECIE (IDESPECIE,NOMBRE) values ('3','Conejo');
Insert into ESPECIE (IDESPECIE,NOMBRE) values ('2','Gato');
Insert into ESPECIE (IDESPECIE,NOMBRE) values ('1','Perro');
Insert into ESPECIE (IDESPECIE,NOMBRE) values ('22','Reptil');
Insert into ESPECIE (IDESPECIE,NOMBRE) values ('23','Roedor');
REM INSERTING into RAZA
SET DEFINE OFF;
Insert into RAZA (IDRAZA,NOMBRE,IDESPECIE) values ('22','Agaporni Papillero','21');
Insert into RAZA (IDRAZA,NOMBRE,IDESPECIE) values ('21','Border Collie','1');
Insert into RAZA (IDRAZA,NOMBRE,IDESPECIE) values ('25','Bosque de Noruega','2');
Insert into RAZA (IDRAZA,NOMBRE,IDESPECIE) values ('5','Enano','3');
Insert into RAZA (IDRAZA,NOMBRE,IDESPECIE) values ('4','Europeo','2');
Insert into RAZA (IDRAZA,NOMBRE,IDESPECIE) values ('24','Hámster Ruso','23');
Insert into RAZA (IDRAZA,NOMBRE,IDESPECIE) values ('23','Iguana de Cola Espinosa','22');
Insert into RAZA (IDRAZA,NOMBRE,IDESPECIE) values ('2','Labrador','1');
Insert into RAZA (IDRAZA,NOMBRE,IDESPECIE) values ('1','Mestizo','1');
Insert into RAZA (IDRAZA,NOMBRE,IDESPECIE) values ('41','Perro de Aguas','1');
Insert into RAZA (IDRAZA,NOMBRE,IDESPECIE) values ('3','Siamés','2');
REM INSERTING into SOCIO
SET DEFINE OFF;
Insert into SOCIO (IDSOCIO,DNI,NOMBRE,APELLIDOS,TELEFONO,EMAIL,DIRECCION,FECHAALTA,ACTIVO) values ('1','16000001A','María','Pérez Gómez','600111222','maria.perez@example.com','Logroño',to_date('10/09/24','DD/MM/RR'),'S');
Insert into SOCIO (IDSOCIO,DNI,NOMBRE,APELLIDOS,TELEFONO,EMAIL,DIRECCION,FECHAALTA,ACTIVO) values ('2','16000002B','Javier','Sáenz Ruiz','600333444','javier.saenz@example.com','Nájera',to_date('05/11/23','DD/MM/RR'),'S');
Insert into SOCIO (IDSOCIO,DNI,NOMBRE,APELLIDOS,TELEFONO,EMAIL,DIRECCION,FECHAALTA,ACTIVO) values ('3','16000003C','Laura','Iglesias Martín','600555666','laura.iglesias@example.com','Calahorra',to_date('18/02/22','DD/MM/RR'),'N');
Insert into SOCIO (IDSOCIO,DNI,NOMBRE,APELLIDOS,TELEFONO,EMAIL,DIRECCION,FECHAALTA,ACTIVO) values ('4','16000004D','Pablo','Hernando Gil','600777888','pablo.hernando@example.com','Haro',to_date('22/01/25','DD/MM/RR'),'S');
Insert into SOCIO (IDSOCIO,DNI,NOMBRE,APELLIDOS,TELEFONO,EMAIL,DIRECCION,FECHAALTA,ACTIVO) values ('5','16000005E','Raúl','Martínez López','600888999','raul.martinez@example.com','Logroño',to_date('12/05/21','DD/MM/RR'),'S');
Insert into SOCIO (IDSOCIO,DNI,NOMBRE,APELLIDOS,TELEFONO,EMAIL,DIRECCION,FECHAALTA,ACTIVO) values ('6','16000006F','Elena','García Blanco','601111222','elena.garcia@example.com','Alfaro',to_date('30/09/20','DD/MM/RR'),'S');
Insert into SOCIO (IDSOCIO,DNI,NOMBRE,APELLIDOS,TELEFONO,EMAIL,DIRECCION,FECHAALTA,ACTIVO) values ('7','16000007G','Iván','Moreno Pascual','601333444',null,'Arnedo',to_date('18/03/19','DD/MM/RR'),'N');
Insert into SOCIO (IDSOCIO,DNI,NOMBRE,APELLIDOS,TELEFONO,EMAIL,DIRECCION,FECHAALTA,ACTIVO) values ('21','40000001Z','Ibai','Llanos Garatea','699000111','ibai@socio.com','Barcelona',to_date('30/01/26','DD/MM/RR'),'S');
Insert into SOCIO (IDSOCIO,DNI,NOMBRE,APELLIDOS,TELEFONO,EMAIL,DIRECCION,FECHAALTA,ACTIVO) values ('22','40000002X','Cristina','Pedroche Navas','699222333','cristina@socio.com','Madrid',to_date('30/01/26','DD/MM/RR'),'S');
REM INSERTING into VOLUNTARIO
SET DEFINE OFF;
Insert into VOLUNTARIO (IDVOLUNTARIO,DNI,NOMBRE,APELLIDOS,TELEFONO,EMAIL,FECHAALTA,ACTIVO) values ('1','26000001Z','Ana','López Soto','610111222','ana.lopez@example.com',to_date('15/06/21','DD/MM/RR'),'S');
Insert into VOLUNTARIO (IDVOLUNTARIO,DNI,NOMBRE,APELLIDOS,TELEFONO,EMAIL,FECHAALTA,ACTIVO) values ('2','26000002Y','Sergio','Del Río Mateo','610333444',null,to_date('02/03/20','DD/MM/RR'),'S');
Insert into VOLUNTARIO (IDVOLUNTARIO,DNI,NOMBRE,APELLIDOS,TELEFONO,EMAIL,FECHAALTA,ACTIVO) values ('3','26000003X','Nuria','Fernández Ibarra','610555666','nuria.fernandez@example.com',to_date('01/10/22','DD/MM/RR'),'N');
Insert into VOLUNTARIO (IDVOLUNTARIO,DNI,NOMBRE,APELLIDOS,TELEFONO,EMAIL,FECHAALTA,ACTIVO) values ('4','26000004W','David','Santos León','611111222','david.santos@example.com',to_date('10/01/18','DD/MM/RR'),'S');
Insert into VOLUNTARIO (IDVOLUNTARIO,DNI,NOMBRE,APELLIDOS,TELEFONO,EMAIL,FECHAALTA,ACTIVO) values ('5','26000005V','Cristina','Ortiz Rivas','611333444',null,to_date('25/04/23','DD/MM/RR'),'S');
Insert into VOLUNTARIO (IDVOLUNTARIO,DNI,NOMBRE,APELLIDOS,TELEFONO,EMAIL,FECHAALTA,ACTIVO) values ('21','30000001A','Fernando','Alonso Díaz','655111222','nano.vlc@protectora.org',to_date('30/01/26','DD/MM/RR'),'S');
Insert into VOLUNTARIO (IDVOLUNTARIO,DNI,NOMBRE,APELLIDOS,TELEFONO,EMAIL,FECHAALTA,ACTIVO) values ('22','30000002B','Elena','Furiase Flores','655333444','elena.f@protectora.org',to_date('30/01/26','DD/MM/RR'),'S');
--------------------------------------------------------
--  DDL for Index UK_ESPECIE_NOMBRE
--------------------------------------------------------

  CREATE UNIQUE INDEX "UK_ESPECIE_NOMBRE" ON "ESPECIE" ("NOMBRE") 
  PCTFREE 10 INITRANS 2 MAXTRANS 255 COMPUTE STATISTICS 
  STORAGE(INITIAL 65536 NEXT 1048576 MINEXTENTS 1 MAXEXTENTS 2147483645
  PCTINCREASE 0 FREELISTS 1 FREELIST GROUPS 1
  BUFFER_POOL DEFAULT FLASH_CACHE DEFAULT CELL_FLASH_CACHE DEFAULT)
  TABLESPACE "USERS" ;
--------------------------------------------------------
--  DDL for Index UK_RAZA_NOMBRE_ESPECIE
--------------------------------------------------------

  CREATE UNIQUE INDEX "UK_RAZA_NOMBRE_ESPECIE" ON "RAZA" ("NOMBRE", "IDESPECIE") 
  PCTFREE 10 INITRANS 2 MAXTRANS 255 COMPUTE STATISTICS 
  STORAGE(INITIAL 65536 NEXT 1048576 MINEXTENTS 1 MAXEXTENTS 2147483645
  PCTINCREASE 0 FREELISTS 1 FREELIST GROUPS 1
  BUFFER_POOL DEFAULT FLASH_CACHE DEFAULT CELL_FLASH_CACHE DEFAULT)
  TABLESPACE "USERS" ;
--------------------------------------------------------
--  DDL for Index PK_DONACION
--------------------------------------------------------

  CREATE UNIQUE INDEX "PK_DONACION" ON "DONACION" ("IDDONACION") 
  PCTFREE 10 INITRANS 2 MAXTRANS 255 COMPUTE STATISTICS 
  STORAGE(INITIAL 65536 NEXT 1048576 MINEXTENTS 1 MAXEXTENTS 2147483645
  PCTINCREASE 0 FREELISTS 1 FREELIST GROUPS 1
  BUFFER_POOL DEFAULT FLASH_CACHE DEFAULT CELL_FLASH_CACHE DEFAULT)
  TABLESPACE "USERS" ;
--------------------------------------------------------
--  DDL for Index PK_SOCIO
--------------------------------------------------------

  CREATE UNIQUE INDEX "PK_SOCIO" ON "SOCIO" ("IDSOCIO") 
  PCTFREE 10 INITRANS 2 MAXTRANS 255 COMPUTE STATISTICS 
  STORAGE(INITIAL 65536 NEXT 1048576 MINEXTENTS 1 MAXEXTENTS 2147483645
  PCTINCREASE 0 FREELISTS 1 FREELIST GROUPS 1
  BUFFER_POOL DEFAULT FLASH_CACHE DEFAULT CELL_FLASH_CACHE DEFAULT)
  TABLESPACE "USERS" ;
--------------------------------------------------------
--  DDL for Index UK_ANIMAL_CHIP
--------------------------------------------------------

  CREATE UNIQUE INDEX "UK_ANIMAL_CHIP" ON "ANIMAL" ("CHIP") 
  PCTFREE 10 INITRANS 2 MAXTRANS 255 COMPUTE STATISTICS 
  STORAGE(INITIAL 65536 NEXT 1048576 MINEXTENTS 1 MAXEXTENTS 2147483645
  PCTINCREASE 0 FREELISTS 1 FREELIST GROUPS 1
  BUFFER_POOL DEFAULT FLASH_CACHE DEFAULT CELL_FLASH_CACHE DEFAULT)
  TABLESPACE "USERS" ;
--------------------------------------------------------
--  DDL for Index PK_RAZA
--------------------------------------------------------

  CREATE UNIQUE INDEX "PK_RAZA" ON "RAZA" ("IDRAZA") 
  PCTFREE 10 INITRANS 2 MAXTRANS 255 COMPUTE STATISTICS 
  STORAGE(INITIAL 65536 NEXT 1048576 MINEXTENTS 1 MAXEXTENTS 2147483645
  PCTINCREASE 0 FREELISTS 1 FREELIST GROUPS 1
  BUFFER_POOL DEFAULT FLASH_CACHE DEFAULT CELL_FLASH_CACHE DEFAULT)
  TABLESPACE "USERS" ;
--------------------------------------------------------
--  DDL for Index UK_SOCIO_EMAIL
--------------------------------------------------------

  CREATE UNIQUE INDEX "UK_SOCIO_EMAIL" ON "SOCIO" ("EMAIL") 
  PCTFREE 10 INITRANS 2 MAXTRANS 255 COMPUTE STATISTICS 
  STORAGE(INITIAL 65536 NEXT 1048576 MINEXTENTS 1 MAXEXTENTS 2147483645
  PCTINCREASE 0 FREELISTS 1 FREELIST GROUPS 1
  BUFFER_POOL DEFAULT FLASH_CACHE DEFAULT CELL_FLASH_CACHE DEFAULT)
  TABLESPACE "USERS" ;
--------------------------------------------------------
--  DDL for Index PK_ANIMAL
--------------------------------------------------------

  CREATE UNIQUE INDEX "PK_ANIMAL" ON "ANIMAL" ("IDANIMAL") 
  PCTFREE 10 INITRANS 2 MAXTRANS 255 COMPUTE STATISTICS 
  STORAGE(INITIAL 65536 NEXT 1048576 MINEXTENTS 1 MAXEXTENTS 2147483645
  PCTINCREASE 0 FREELISTS 1 FREELIST GROUPS 1
  BUFFER_POOL DEFAULT FLASH_CACHE DEFAULT CELL_FLASH_CACHE DEFAULT)
  TABLESPACE "USERS" ;
--------------------------------------------------------
--  DDL for Index PK_ESPECIE
--------------------------------------------------------

  CREATE UNIQUE INDEX "PK_ESPECIE" ON "ESPECIE" ("IDESPECIE") 
  PCTFREE 10 INITRANS 2 MAXTRANS 255 COMPUTE STATISTICS 
  STORAGE(INITIAL 65536 NEXT 1048576 MINEXTENTS 1 MAXEXTENTS 2147483645
  PCTINCREASE 0 FREELISTS 1 FREELIST GROUPS 1
  BUFFER_POOL DEFAULT FLASH_CACHE DEFAULT CELL_FLASH_CACHE DEFAULT)
  TABLESPACE "USERS" ;
--------------------------------------------------------
--  DDL for Index UK_VOLUNTARIO_DNI
--------------------------------------------------------

  CREATE UNIQUE INDEX "UK_VOLUNTARIO_DNI" ON "VOLUNTARIO" ("DNI") 
  PCTFREE 10 INITRANS 2 MAXTRANS 255 COMPUTE STATISTICS 
  STORAGE(INITIAL 65536 NEXT 1048576 MINEXTENTS 1 MAXEXTENTS 2147483645
  PCTINCREASE 0 FREELISTS 1 FREELIST GROUPS 1
  BUFFER_POOL DEFAULT FLASH_CACHE DEFAULT CELL_FLASH_CACHE DEFAULT)
  TABLESPACE "USERS" ;
--------------------------------------------------------
--  DDL for Index PK_ADOPCION
--------------------------------------------------------

  CREATE UNIQUE INDEX "PK_ADOPCION" ON "ADOPCION" ("IDADOPCION") 
  PCTFREE 10 INITRANS 2 MAXTRANS 255 COMPUTE STATISTICS 
  STORAGE(INITIAL 65536 NEXT 1048576 MINEXTENTS 1 MAXEXTENTS 2147483645
  PCTINCREASE 0 FREELISTS 1 FREELIST GROUPS 1
  BUFFER_POOL DEFAULT FLASH_CACHE DEFAULT CELL_FLASH_CACHE DEFAULT)
  TABLESPACE "USERS" ;
--------------------------------------------------------
--  DDL for Index UK_VOLUNTARIO_EMAIL
--------------------------------------------------------

  CREATE UNIQUE INDEX "UK_VOLUNTARIO_EMAIL" ON "VOLUNTARIO" ("EMAIL") 
  PCTFREE 10 INITRANS 2 MAXTRANS 255 COMPUTE STATISTICS 
  STORAGE(INITIAL 65536 NEXT 1048576 MINEXTENTS 1 MAXEXTENTS 2147483645
  PCTINCREASE 0 FREELISTS 1 FREELIST GROUPS 1
  BUFFER_POOL DEFAULT FLASH_CACHE DEFAULT CELL_FLASH_CACHE DEFAULT)
  TABLESPACE "USERS" ;
--------------------------------------------------------
--  DDL for Index UK_SOCIO_DNI
--------------------------------------------------------

  CREATE UNIQUE INDEX "UK_SOCIO_DNI" ON "SOCIO" ("DNI") 
  PCTFREE 10 INITRANS 2 MAXTRANS 255 COMPUTE STATISTICS 
  STORAGE(INITIAL 65536 NEXT 1048576 MINEXTENTS 1 MAXEXTENTS 2147483645
  PCTINCREASE 0 FREELISTS 1 FREELIST GROUPS 1
  BUFFER_POOL DEFAULT FLASH_CACHE DEFAULT CELL_FLASH_CACHE DEFAULT)
  TABLESPACE "USERS" ;
--------------------------------------------------------
--  DDL for Index PK_VOLUNTARIO
--------------------------------------------------------

  CREATE UNIQUE INDEX "PK_VOLUNTARIO" ON "VOLUNTARIO" ("IDVOLUNTARIO") 
  PCTFREE 10 INITRANS 2 MAXTRANS 255 COMPUTE STATISTICS 
  STORAGE(INITIAL 65536 NEXT 1048576 MINEXTENTS 1 MAXEXTENTS 2147483645
  PCTINCREASE 0 FREELISTS 1 FREELIST GROUPS 1
  BUFFER_POOL DEFAULT FLASH_CACHE DEFAULT CELL_FLASH_CACHE DEFAULT)
  TABLESPACE "USERS" ;
--------------------------------------------------------
--  Constraints for Table RAZA
--------------------------------------------------------

  ALTER TABLE "RAZA" MODIFY ("NOMBRE" NOT NULL ENABLE);
  ALTER TABLE "RAZA" MODIFY ("IDESPECIE" NOT NULL ENABLE);
  ALTER TABLE "RAZA" ADD CONSTRAINT "PK_RAZA" PRIMARY KEY ("IDRAZA")
  USING INDEX PCTFREE 10 INITRANS 2 MAXTRANS 255 COMPUTE STATISTICS 
  STORAGE(INITIAL 65536 NEXT 1048576 MINEXTENTS 1 MAXEXTENTS 2147483645
  PCTINCREASE 0 FREELISTS 1 FREELIST GROUPS 1
  BUFFER_POOL DEFAULT FLASH_CACHE DEFAULT CELL_FLASH_CACHE DEFAULT)
  TABLESPACE "USERS"  ENABLE;
  ALTER TABLE "RAZA" ADD CONSTRAINT "UK_RAZA_NOMBRE_ESPECIE" UNIQUE ("NOMBRE", "IDESPECIE")
  USING INDEX PCTFREE 10 INITRANS 2 MAXTRANS 255 COMPUTE STATISTICS 
  STORAGE(INITIAL 65536 NEXT 1048576 MINEXTENTS 1 MAXEXTENTS 2147483645
  PCTINCREASE 0 FREELISTS 1 FREELIST GROUPS 1
  BUFFER_POOL DEFAULT FLASH_CACHE DEFAULT CELL_FLASH_CACHE DEFAULT)
  TABLESPACE "USERS"  ENABLE;
--------------------------------------------------------
--  Constraints for Table ESPECIE
--------------------------------------------------------

  ALTER TABLE "ESPECIE" MODIFY ("NOMBRE" NOT NULL ENABLE);
  ALTER TABLE "ESPECIE" ADD CONSTRAINT "PK_ESPECIE" PRIMARY KEY ("IDESPECIE")
  USING INDEX PCTFREE 10 INITRANS 2 MAXTRANS 255 COMPUTE STATISTICS 
  STORAGE(INITIAL 65536 NEXT 1048576 MINEXTENTS 1 MAXEXTENTS 2147483645
  PCTINCREASE 0 FREELISTS 1 FREELIST GROUPS 1
  BUFFER_POOL DEFAULT FLASH_CACHE DEFAULT CELL_FLASH_CACHE DEFAULT)
  TABLESPACE "USERS"  ENABLE;
  ALTER TABLE "ESPECIE" ADD CONSTRAINT "UK_ESPECIE_NOMBRE" UNIQUE ("NOMBRE")
  USING INDEX PCTFREE 10 INITRANS 2 MAXTRANS 255 COMPUTE STATISTICS 
  STORAGE(INITIAL 65536 NEXT 1048576 MINEXTENTS 1 MAXEXTENTS 2147483645
  PCTINCREASE 0 FREELISTS 1 FREELIST GROUPS 1
  BUFFER_POOL DEFAULT FLASH_CACHE DEFAULT CELL_FLASH_CACHE DEFAULT)
  TABLESPACE "USERS"  ENABLE;
--------------------------------------------------------
--  Constraints for Table ANIMAL
--------------------------------------------------------

  ALTER TABLE "ANIMAL" MODIFY ("NOMBRE" NOT NULL ENABLE);
  ALTER TABLE "ANIMAL" MODIFY ("FECHAINGRESO" NOT NULL ENABLE);
  ALTER TABLE "ANIMAL" MODIFY ("SEXO" NOT NULL ENABLE);
  ALTER TABLE "ANIMAL" ADD CONSTRAINT "CK_ANIMAL_SEXO" CHECK (sexo IN ('M','H')) ENABLE;
  ALTER TABLE "ANIMAL" ADD CONSTRAINT "PK_ANIMAL" PRIMARY KEY ("IDANIMAL")
  USING INDEX PCTFREE 10 INITRANS 2 MAXTRANS 255 COMPUTE STATISTICS 
  STORAGE(INITIAL 65536 NEXT 1048576 MINEXTENTS 1 MAXEXTENTS 2147483645
  PCTINCREASE 0 FREELISTS 1 FREELIST GROUPS 1
  BUFFER_POOL DEFAULT FLASH_CACHE DEFAULT CELL_FLASH_CACHE DEFAULT)
  TABLESPACE "USERS"  ENABLE;
  ALTER TABLE "ANIMAL" ADD CONSTRAINT "UK_ANIMAL_CHIP" UNIQUE ("CHIP")
  USING INDEX PCTFREE 10 INITRANS 2 MAXTRANS 255 COMPUTE STATISTICS 
  STORAGE(INITIAL 65536 NEXT 1048576 MINEXTENTS 1 MAXEXTENTS 2147483645
  PCTINCREASE 0 FREELISTS 1 FREELIST GROUPS 1
  BUFFER_POOL DEFAULT FLASH_CACHE DEFAULT CELL_FLASH_CACHE DEFAULT)
  TABLESPACE "USERS"  ENABLE;
--------------------------------------------------------
--  Constraints for Table SOCIO
--------------------------------------------------------

  ALTER TABLE "SOCIO" MODIFY ("DNI" NOT NULL ENABLE);
  ALTER TABLE "SOCIO" MODIFY ("NOMBRE" NOT NULL ENABLE);
  ALTER TABLE "SOCIO" MODIFY ("APELLIDOS" NOT NULL ENABLE);
  ALTER TABLE "SOCIO" MODIFY ("ACTIVO" NOT NULL ENABLE);
  ALTER TABLE "SOCIO" ADD CONSTRAINT "CK_SOCIO_ACTIVO" CHECK (activo IN ('S','N')) ENABLE;
  ALTER TABLE "SOCIO" ADD CONSTRAINT "PK_SOCIO" PRIMARY KEY ("IDSOCIO")
  USING INDEX PCTFREE 10 INITRANS 2 MAXTRANS 255 COMPUTE STATISTICS 
  STORAGE(INITIAL 65536 NEXT 1048576 MINEXTENTS 1 MAXEXTENTS 2147483645
  PCTINCREASE 0 FREELISTS 1 FREELIST GROUPS 1
  BUFFER_POOL DEFAULT FLASH_CACHE DEFAULT CELL_FLASH_CACHE DEFAULT)
  TABLESPACE "USERS"  ENABLE;
  ALTER TABLE "SOCIO" ADD CONSTRAINT "UK_SOCIO_DNI" UNIQUE ("DNI")
  USING INDEX PCTFREE 10 INITRANS 2 MAXTRANS 255 COMPUTE STATISTICS 
  STORAGE(INITIAL 65536 NEXT 1048576 MINEXTENTS 1 MAXEXTENTS 2147483645
  PCTINCREASE 0 FREELISTS 1 FREELIST GROUPS 1
  BUFFER_POOL DEFAULT FLASH_CACHE DEFAULT CELL_FLASH_CACHE DEFAULT)
  TABLESPACE "USERS"  ENABLE;
  ALTER TABLE "SOCIO" ADD CONSTRAINT "UK_SOCIO_EMAIL" UNIQUE ("EMAIL")
  USING INDEX PCTFREE 10 INITRANS 2 MAXTRANS 255 COMPUTE STATISTICS 
  STORAGE(INITIAL 65536 NEXT 1048576 MINEXTENTS 1 MAXEXTENTS 2147483645
  PCTINCREASE 0 FREELISTS 1 FREELIST GROUPS 1
  BUFFER_POOL DEFAULT FLASH_CACHE DEFAULT CELL_FLASH_CACHE DEFAULT)
  TABLESPACE "USERS"  ENABLE;
--------------------------------------------------------
--  Constraints for Table ADOPCION
--------------------------------------------------------

  ALTER TABLE "ADOPCION" MODIFY ("FECHA" NOT NULL ENABLE);
  ALTER TABLE "ADOPCION" MODIFY ("IDANIMAL" NOT NULL ENABLE);
  ALTER TABLE "ADOPCION" MODIFY ("IDSOCIO" NOT NULL ENABLE);
  ALTER TABLE "ADOPCION" ADD CONSTRAINT "PK_ADOPCION" PRIMARY KEY ("IDADOPCION")
  USING INDEX PCTFREE 10 INITRANS 2 MAXTRANS 255 COMPUTE STATISTICS 
  STORAGE(INITIAL 65536 NEXT 1048576 MINEXTENTS 1 MAXEXTENTS 2147483645
  PCTINCREASE 0 FREELISTS 1 FREELIST GROUPS 1
  BUFFER_POOL DEFAULT FLASH_CACHE DEFAULT CELL_FLASH_CACHE DEFAULT)
  TABLESPACE "USERS"  ENABLE;
--------------------------------------------------------
--  Constraints for Table DONACION
--------------------------------------------------------

  ALTER TABLE "DONACION" MODIFY ("FECHA" NOT NULL ENABLE);
  ALTER TABLE "DONACION" MODIFY ("IMPORTE" NOT NULL ENABLE);
  ALTER TABLE "DONACION" MODIFY ("IDSOCIO" NOT NULL ENABLE);
  ALTER TABLE "DONACION" ADD CONSTRAINT "CK_DONACION_IMPORTE" CHECK (importe > 0) ENABLE;
  ALTER TABLE "DONACION" ADD CONSTRAINT "PK_DONACION" PRIMARY KEY ("IDDONACION")
  USING INDEX PCTFREE 10 INITRANS 2 MAXTRANS 255 COMPUTE STATISTICS 
  STORAGE(INITIAL 65536 NEXT 1048576 MINEXTENTS 1 MAXEXTENTS 2147483645
  PCTINCREASE 0 FREELISTS 1 FREELIST GROUPS 1
  BUFFER_POOL DEFAULT FLASH_CACHE DEFAULT CELL_FLASH_CACHE DEFAULT)
  TABLESPACE "USERS"  ENABLE;
--------------------------------------------------------
--  Constraints for Table VOLUNTARIO
--------------------------------------------------------

  ALTER TABLE "VOLUNTARIO" MODIFY ("DNI" NOT NULL ENABLE);
  ALTER TABLE "VOLUNTARIO" MODIFY ("NOMBRE" NOT NULL ENABLE);
  ALTER TABLE "VOLUNTARIO" MODIFY ("APELLIDOS" NOT NULL ENABLE);
  ALTER TABLE "VOLUNTARIO" MODIFY ("ACTIVO" NOT NULL ENABLE);
  ALTER TABLE "VOLUNTARIO" ADD CONSTRAINT "CK_VOLUNTARIO_ACTIVO" CHECK (activo IN ('S','N')) ENABLE;
  ALTER TABLE "VOLUNTARIO" ADD CONSTRAINT "PK_VOLUNTARIO" PRIMARY KEY ("IDVOLUNTARIO")
  USING INDEX PCTFREE 10 INITRANS 2 MAXTRANS 255 COMPUTE STATISTICS 
  STORAGE(INITIAL 65536 NEXT 1048576 MINEXTENTS 1 MAXEXTENTS 2147483645
  PCTINCREASE 0 FREELISTS 1 FREELIST GROUPS 1
  BUFFER_POOL DEFAULT FLASH_CACHE DEFAULT CELL_FLASH_CACHE DEFAULT)
  TABLESPACE "USERS"  ENABLE;
  ALTER TABLE "VOLUNTARIO" ADD CONSTRAINT "UK_VOLUNTARIO_DNI" UNIQUE ("DNI")
  USING INDEX PCTFREE 10 INITRANS 2 MAXTRANS 255 COMPUTE STATISTICS 
  STORAGE(INITIAL 65536 NEXT 1048576 MINEXTENTS 1 MAXEXTENTS 2147483645
  PCTINCREASE 0 FREELISTS 1 FREELIST GROUPS 1
  BUFFER_POOL DEFAULT FLASH_CACHE DEFAULT CELL_FLASH_CACHE DEFAULT)
  TABLESPACE "USERS"  ENABLE;
  ALTER TABLE "VOLUNTARIO" ADD CONSTRAINT "UK_VOLUNTARIO_EMAIL" UNIQUE ("EMAIL")
  USING INDEX PCTFREE 10 INITRANS 2 MAXTRANS 255 COMPUTE STATISTICS 
  STORAGE(INITIAL 65536 NEXT 1048576 MINEXTENTS 1 MAXEXTENTS 2147483645
  PCTINCREASE 0 FREELISTS 1 FREELIST GROUPS 1
  BUFFER_POOL DEFAULT FLASH_CACHE DEFAULT CELL_FLASH_CACHE DEFAULT)
  TABLESPACE "USERS"  ENABLE;
--------------------------------------------------------
--  Ref Constraints for Table ADOPCION
--------------------------------------------------------

  ALTER TABLE "ADOPCION" ADD CONSTRAINT "FK_ADOPCION_ANIMAL" FOREIGN KEY ("IDANIMAL")
	  REFERENCES "ANIMAL" ("IDANIMAL") ENABLE;
  ALTER TABLE "ADOPCION" ADD CONSTRAINT "FK_ADOPCION_SOCIO" FOREIGN KEY ("IDSOCIO")
	  REFERENCES "SOCIO" ("IDSOCIO") ENABLE;
--------------------------------------------------------
--  Ref Constraints for Table ANIMAL
--------------------------------------------------------

  ALTER TABLE "ANIMAL" ADD CONSTRAINT "FK_ANIMAL_ESPECIE" FOREIGN KEY ("IDESPECIE")
	  REFERENCES "ESPECIE" ("IDESPECIE") ENABLE;
  ALTER TABLE "ANIMAL" ADD CONSTRAINT "FK_ANIMAL_RAZA" FOREIGN KEY ("IDRAZA")
	  REFERENCES "RAZA" ("IDRAZA") ENABLE;
  ALTER TABLE "ANIMAL" ADD CONSTRAINT "FK_ANIMAL_SOCIOACOGIDA" FOREIGN KEY ("IDSOCIOACOGIDA")
	  REFERENCES "SOCIO" ("IDSOCIO") ENABLE;
  ALTER TABLE "ANIMAL" ADD CONSTRAINT "FK_ANIMAL_VOLUNTARIO" FOREIGN KEY ("IDVOLUNTARIO")
	  REFERENCES "VOLUNTARIO" ("IDVOLUNTARIO") ENABLE;
--------------------------------------------------------
--  Ref Constraints for Table DONACION
--------------------------------------------------------

  ALTER TABLE "DONACION" ADD CONSTRAINT "FK_DONACION_SOCIO" FOREIGN KEY ("IDSOCIO")
	  REFERENCES "SOCIO" ("IDSOCIO") ENABLE;


----------------------
-- NUEVAS TABLAS
----------------------

--------------------------------------------------------
-- 1. Tabla de Proveedores
--------------------------------------------------------
CREATE TABLE "PROVEEDOR" (
    "IDPROVEEDOR" NUMBER GENERATED BY DEFAULT AS IDENTITY PRIMARY KEY,
    "NOMBRE" VARCHAR2(100) NOT NULL,
    "TELEFONO" VARCHAR2(20),
    "WEB" VARCHAR2(200)
);

----------------------------------------
-- 2. Tabla de Alimentación
----------------------------------------
CREATE TABLE "ALIMENTACION" (
    "IDALIMENTACION" NUMBER GENERATED BY DEFAULT AS IDENTITY PRIMARY KEY,
    "TIPO" VARCHAR2(100) NOT NULL, -- Ej: Pienso Seco Adulto, Comida Húmeda, etc.
    "IDESPECIE" NUMBER NOT NULL,   -- Cada dieta se diseña para una especie
    CONSTRAINT "FK_ALIM_ESPECIE" FOREIGN KEY ("IDESPECIE") REFERENCES "ESPECIE" ("IDESPECIE")
);

----------------------------------------
-- 3. Tabla Intermedia: Alimentación <-> Proveedores
----------------------------------------
CREATE TABLE "ALIM_PROVEEDOR" (
    "IDALIMENTACION" NUMBER,
    "IDPROVEEDOR" NUMBER,
    PRIMARY KEY ("IDALIMENTACION", "IDPROVEEDOR"),
    FOREIGN KEY ("IDALIMENTACION") REFERENCES "ALIMENTACION" ("IDALIMENTACION"),
    FOREIGN KEY ("IDPROVEEDOR") REFERENCES "PROVEEDOR" ("IDPROVEEDOR")
);

--------------------------------------------------------
-- 4. Modificaciones en Tablas Existentes
--------------------------------------------------------
-- Añadir alimentación por defecto a la especie
ALTER TABLE "ESPECIE" ADD "IDALIMENTACION_DEFECTO" NUMBER;
ALTER TABLE "ESPECIE" ADD CONSTRAINT "FK_ESP_ALIM_DEF" 
    FOREIGN KEY ("IDALIMENTACION_DEFECTO") REFERENCES "ALIMENTACION" ("IDALIMENTACION");

-- Añadir alimentación específica (opcional) al animal
ALTER TABLE "ANIMAL" ADD "IDALIMENTACION_ESP" NUMBER;
ALTER TABLE "ANIMAL" ADD CONSTRAINT "FK_ANI_ALIM_ESP" 
    FOREIGN KEY ("IDALIMENTACION_ESP") REFERENCES "ALIMENTACION" ("IDALIMENTACION");
    
    ----------------------------------------
-- A. Insertar 10 Proveedores
----------------------------------------


INSERT       INTO PROVEEDOR (NOMBRE) VALUES ('Royal Canin');
INSERT       INTO PROVEEDOR (NOMBRE) VALUES ('Purina Friskies');
INSERT       INTO PROVEEDOR (NOMBRE) VALUES ('Affinity Ultima');
INSERT       INTO PROVEEDOR (NOMBRE) VALUES ('Taste of the Wild');
INSERT       INTO PROVEEDOR (NOMBRE) VALUES ('Acana High Protein');
INSERT       INTO PROVEEDOR (NOMBRE) VALUES ('Orijen Pet Food');
INSERT       INTO PROVEEDOR (NOMBRE) VALUES ('Hills Science Diet');
INSERT       INTO PROVEEDOR (NOMBRE) VALUES ('Versele-Laga');
INSERT       INTO PROVEEDOR (NOMBRE) VALUES ('Tetra Reptile');
INSERT       INTO PROVEEDOR (NOMBRE) VALUES ('Mazuri Exotic');


----------------------------------------
-- B. Crear Dietas por Especie
----------------------------------------
-- Dietas para Perros (ID 1)
INSERT INTO ALIMENTACION (TIPO, IDESPECIE) VALUES ('Pienso Seco Estándar', 1); -- ID 1
INSERT INTO ALIMENTACION (TIPO, IDESPECIE) VALUES ('Dieta Barf Senior', 1);    -- ID 2
-- Dietas para Gatos (ID 2)
INSERT INTO ALIMENTACION (TIPO, IDESPECIE) VALUES ('Pienso Esterilizado', 2);  -- ID 3
INSERT INTO ALIMENTACION (TIPO, IDESPECIE) VALUES ('Comida Húmeda Renal', 2);  -- ID 4
-- Dieta para Conejos (ID 3)
INSERT INTO ALIMENTACION (TIPO, IDESPECIE) VALUES ('Heno y Pellets', 3);       -- ID 5
-- Dieta para Aves (ID 21)
INSERT INTO ALIMENTACION (TIPO, IDESPECIE) VALUES ('Mixtura de Semillas', 21); -- ID 6
-- Dieta para Reptiles (ID 22)
INSERT INTO ALIMENTACION (TIPO, IDESPECIE) VALUES ('Insectos y Vegetales', 22);-- ID 7
-- Dieta para Roedores (ID 23)
INSERT INTO ALIMENTACION (TIPO, IDESPECIE) VALUES ('Mix de Cereales', 23);     -- ID 8

----------------------------------------
-- C. Vincular Proveedores con Alimentos
----------------------------------------
-- El Pienso de Perro (1) lo venden Royal Canin (1), Purina (2) y Affinity (3)
INSERT INTO ALIM_PROVEEDOR VALUES (1, 1);
INSERT INTO ALIM_PROVEEDOR VALUES (1, 2);
INSERT INTO ALIM_PROVEEDOR VALUES (1, 3);
-- La dieta de Reptiles (7) la vende Tetra (9) y Mazuri (10)
INSERT INTO ALIM_PROVEEDOR VALUES (7, 9);
INSERT INTO ALIM_PROVEEDOR VALUES (7, 10);

----------------------------------------
-- D. Configurar Dieta por Defecto en ESPECIES
----------------------------------------
UPDATE ESPECIE SET IDALIMENTACION_DEFECTO = 1 WHERE IDESPECIE = 1;  -- Perro
UPDATE ESPECIE SET IDALIMENTACION_DEFECTO = 3 WHERE IDESPECIE = 2;  -- Gato
UPDATE ESPECIE SET IDALIMENTACION_DEFECTO = 5 WHERE IDESPECIE = 3;  -- Conejo
UPDATE ESPECIE SET IDALIMENTACION_DEFECTO = 6 WHERE IDESPECIE = 21; -- Ave
UPDATE ESPECIE SET IDALIMENTACION_DEFECTO = 7 WHERE IDESPECIE = 22; -- Reptil
UPDATE ESPECIE SET IDALIMENTACION_DEFECTO = 8 WHERE IDESPECIE = 23; -- Roedor

----------------------------------------
-- E. Animales con Alimentación Especial
----------------------------------------
-- 'Tango' es un perro (ID 1), le ponemos dieta especial Barf (ID 2)
UPDATE ANIMAL SET IDALIMENTACION_ESP = 2 WHERE NOMBRE = 'Tango';
-- 'Nina' es una gata (ID 6), le ponemos dieta especial Renal (ID 4)
UPDATE ANIMAL SET IDALIMENTACION_ESP = 4 WHERE NOMBRE = 'Nina';



CREATE TABLE historico_alimentacion (
    id_historico    NUMBER
        GENERATED BY DEFAULT AS IDENTITY
    PRIMARY KEY,
    idanimal        NUMBER,
    fecha_cambio    DATE DEFAULT sysdate,
    id_alim_antigua NUMBER,
    id_alim_nueva   NUMBER,
    usuario         VARCHAR2(50) -- Usuario que realizó el cambio
);